,OBJECTID,District,Khoroo,Hayg,Tsetserleg_ner,Umchiin_helber,Zahiramjiin_dugaar,Tsetserlegiin_hew_shinj,Tsetserlegiin_angilal,Bulgiin_too,huuhdiin_too,Bagsh_ajiltanii_too,huchin_chadal,Tsetserlegiin_erhlegch,hicheeliin_bairnii_dugaar,Hen_oruulsan,Zaswar_hiisen_hun,created_user,created_date,last_edited_user,last_edited_date,Uil_ajilgaa_ehlesen_on,Barilgiin_ashiglaltand_orosn_on,Utasnii_dugaar,x,y,xy,lat_lon
0,1635,5,4,5-р хорооны зүүн талд,145-р цэцэрлэг,1,,1,3,,,,,,,,,Esri_Anonymous,1561011869000,Esri_Anonymous,1561011896000,,,,11891635.154850243,6085256.661619599,"11891635.154850243,6085256.661619599","(47.87001210890473, 106.82437612774986)"
1,1638,5,6,Цагдаагийн 2-р хэлтсийн зүүн талд,189-р цэцэрлэг,1,,1,3,,,,,,,,,Esri_Anonymous,1561012047000,Esri_Anonymous,1561012073000,,,,11890246.63678939,6084700.270051043,"11890246.63678939,6084700.270051043","(47.86665916678088, 106.81190285778645)"
2,1641,5,9,Нисэх,134-р цэцэрлэг,1,,1,3,,,,,,,,,Esri_Anonymous,1561012264000,Esri_Anonymous,1561012296000,,,,11884521.971880477,6084159.479317102,"11884521.971880477,6084159.479317102","(47.863400030958005, 106.76047731794506)"
3,1650,5,14,Өлзийт тосгон,165-р цэцэрлэг,1,,1,3,,,,,,,,,Esri_Anonymous,1561012994000,Esri_Anonymous,1561013017000,,,,11878660.103360657,6071987.447705,"11878660.103360657,6071987.447705","(47.78998970366175, 106.70781925709652)"
4,1647,5,12,Био комбинат,121-р цэцэрлэг,1,,1,3,,,,,,,,,Esri_Anonymous,1561012657000,Esri_Anonymous,1561012680000,,,,11875169.166392751,6080914.4892333485,"11875169.166392751,6080914.4892333485","(47.84383943133473, 106.67645963675483)"
5,1644,5,10,Өрхийн эмнэлэгийн урд,230-р цэцэрлэг,1,,1,3,,,,,,,,,Esri_Anonymous,1561012446000,Esri_Anonymous,1561012488000,,,,11884526.273700586,6083271.3819014495,"11884526.273700586,6083271.3819014495","(47.858047367993855, 106.76051596185259)"
6,1653,5,16,Буянт-Ухаа 1 хороолол,223-р цэцэрлэг,1,,1,3,6.0,289.0,32.0,150.0,Г.Тунгалаг,2.0,НБГ,,Esri_Anonymous,1561013318000,Esri_Anonymous,1561013387000,2015.0,2015.0,99138050.0,11884810.922353785,6082980.831379531,"11884810.922353785,6082980.831379531","(47.85629606735309, 106.76307300421033)"
7,1639,5,7,60-р сургуулийн зүүн талд,73-р цэцэрлэг,1,,1,3,,,,,,,,,Esri_Anonymous,1561012094000,Esri_Anonymous,1561012124000,,,,11889492.03678507,6084562.954301449,"11889492.03678507,6084562.954301449","(47.86583163747341, 106.80512417061367)"
8,1645,5,10,Буянт-Ухаа 2 хороолол,250-р цэцэрлэг,1,,1,3,,,,,,,,,Esri_Anonymous,1561012525000,Esri_Anonymous,1561012547000,,,,11887613.709049394,6081228.60134375,"11887613.709049394,6081228.60134375","(47.84573320227274, 106.78825086547825)"
9,1636,5,5,41-р сургуулийн зүүн талд,29-р цэцэрлэг,1,,1,3,,,,,,,,,Esri_Anonymous,1561011920000,Esri_Anonymous,1561011954000,,,,11891017.388511214,6085267.709096525,"11891017.388511214,6085267.709096525","(47.870078681316826, 106.8188266383062)"
10,1642,5,10,10-р хорооны ард,49-р цэцэрлэг,1,,1,3,,,,,,,,,Esri_Anonymous,1561012340000,Esri_Anonymous,1561012369000,,,,11884208.18241129,6083123.309879155,"11884208.18241129,6083123.309879155","(47.857154867515085, 106.75765849918339)"
11,1648,5,12,326-р цэргийн замын урд,190-р цэцэрлэг,1,,1,3,,,,,,,,,Esri_Anonymous,1561012771000,Esri_Anonymous,1561012880000,,,,11873251.284934856,6078053.950078822,"11873251.284934856,6078053.950078822","(47.8265901588481, 106.65923101448729)"
12,1637,5,5,41-р сургуулийн зүүн талд,71-р цэцэрлэг,1,,1,3,,,,,,,,,Esri_Anonymous,1561011960000,Esri_Anonymous,1561011982000,,,,11891057.69697798,6085224.414710714,"11891057.69697798,6085224.414710714","(47.86981778761988, 106.81918873542396)"
13,1643,5,10,Морингийн даваа,219-р цэцэрлэг,1,,1,3,,,,,,,,,Esri_Anonymous,1561012384000,Esri_Anonymous,1561012410000,,,,11880152.941062752,6081027.238520853,"11880152.941062752,6081027.238520853","(47.84451920080415, 106.72122964634153)"
14,1654,5,16,Нисэх,243-р цэцэрлэг,1,,1,3,,,,,,,,,Esri_Anonymous,1561013432000,Esri_Anonymous,1561013455000,,,,11886286.700635497,6083175.373967002,"11886286.700635497,6083175.373967002","(47.85746868427753, 106.77633014607466)"
15,1640,5,8,118-р сургуулийн ард,209-р цэцэрлэг,1,,1,3,,,,,,,,,Esri_Anonymous,1561012153000,Esri_Anonymous,1561012193000,,,,11888435.217680309,6083960.473579994,"11888435.217680309,6083960.473579994","(47.86220064905317, 106.79563060307012)"
0,1234,3,11,Ургах наран,200-р цэцэрлэг,1,,1,3,,,,100.0,,2.0,,,Esri_Anonymous,1560903292000,Esri_Anonymous,1560903387000,,,,11924145.26954234,6085936.002822512,"11924145.26954234,6085936.002822512","(47.87410567937968, 107.11641945691375)"
1,1211,3,4,Сэлэнгэ зочид буудлын урд,191-р цэцэрлэг,1,,1,3,,,,,,,,,Esri_Anonymous,1560902005000,Esri_Anonymous,1560902058000,,,,11905383.062017435,6093839.861953966,"11905383.062017435,6093839.861953966","(47.92170894438699, 106.9478756790793)"
2,856,6,1,1-р эмнэлэгийн баруун хойно,16-р цэцэрлэг,1,,1,3,,,,,,,,,Esri_Anonymous,1560851285000,Esri_Anonymous,1560851312000,,,,11902572.89801507,6092986.709859163,"11902572.89801507,6092986.709859163","(47.91657269766953, 106.92263154633723)"
3,2422,3,21,127-р сургуулийн ард,199-р цэцэрлэг,1,,1,3,,,,200.0,,2.0,,,Esri_Anonymous,1561279391000,Esri_Anonymous,1561279418000,,,,11905026.751336439,6099076.701952233,"11905026.751336439,6099076.701952233","(47.95322521447854, 106.94467488577295)"
4,1606,7,14,5 буудлын баруун талд,126-р цэцэрлэг,1,,1,3,,,,,,,,,Esri_Anonymous,1560996312000,Esri_Anonymous,1560996340000,,,,11901217.319333022,6099751.428063578,"11901217.319333022,6099751.428063578","(47.95728444376864, 106.91045417584812)"
5,1652,5,3,18-р сургуулийн баруун урд,28-р цэцэрлэг,1,,3,4,,,,,,,,,Esri_Anonymous,1561013237000,Esri_Anonymous,1561013282000,,,,11899402.730449947,6090150.387325713,"11899402.730449947,6090150.387325713","(47.899493469104414, 106.89415344656751)"
6,862,6,10,10-р хорооны баруун урд,17-р цэцэрлэг,1,,1,3,,,,,,,,,Esri_Anonymous,1560851588000,Esri_Anonymous,1560851620000,,,,11902560.749692708,6095346.156668994,"11902560.749692708,6095346.156668994","(47.93077607233913, 106.92252241610069)"
7,2004,1,12,,197-р цэцэрлэг,1,,1,3,,,,,,,,,Esri_Anonymous,1561107272000,Esri_Anonymous,1561107294000,,,,11897645.747046895,6094604.436068635,"11897645.747046895,6094604.436068635","(47.926311490267835, 106.87837019611848)"
8,865,6,10,16-р сургуулийн зүүн талд,234-р цэцэрлэг,1,,1,3,,,,,,,,,Esri_Anonymous,1560851731000,Esri_Anonymous,1560851754000,,,,11902557.76386678,6095605.027380457,"11902557.76386678,6095605.027380457","(47.93233418228254, 106.92249559397001)"
9,1220,3,28,Хужирбулан,203-р цэцэрлэг,1,,1,3,,,,,,,,,Esri_Anonymous,1560902525000,Esri_Anonymous,1560902547000,,,,11920335.192552464,6093302.525001875,"11920335.192552464,6093302.525001875","(47.918474064627844, 107.08219295297697)"
10,2010,1,15,,161-р цэцэрлэг,1,,1,3,,,,,,,,,Esri_Anonymous,1561108452000,Esri_Anonymous,1561108468000,,,,11898541.724802459,6094304.244550705,"11898541.724802459,6094304.244550705","(47.924504460872036, 106.88641890123901)"
11,848,6,4,11-р сургуулийн зүүн талд,1-р цэцэрлэг,1,,1,3,,,,,,,,,Esri_Anonymous,1560850778000,Esri_Anonymous,1560850808000,,,,11899958.590071492,6092629.602108364,"11899958.590071492,6092629.602108364","(47.91442264414148, 106.89914681850611)"
12,1240,7,4,,37-р цэцэрлэг,1,,1,3,,,,,,,,,Esri_Anonymous,1560903699000,Esri_Anonymous,1560903714000,,,,11901528.518540824,6094285.479470146,"11901528.518540824,6094285.479470146","(47.924391500713256, 106.91324972589587)"
13,1228,3,9,Шархадны эцэс,3-р цэцэрлэг,1,,1,3,,,,,,,,,Esri_Anonymous,1560902999000,Esri_Anonymous,1560903018000,,,,11911824.265816294,6095889.927796806,"11911824.265816294,6095889.927796806","(47.93404890745148, 107.00573799728573)"
14,1632,5,3,Дүүргийн ЗДТГ-ын урд,41-р цэцэрлэг,1,,1,3,,,,,,,,,Esri_Anonymous,1561011535000,Esri_Anonymous,1561011565000,,,,11899461.862738082,6089750.064203857,"11899461.862738082,6089750.064203857","(47.897082425445156, 106.89468464094969)"
15,1618,7,3,Мандухай зочид буудлын урд,19-р цэцэрлэг,1,,1,3,,,,,,,,,Esri_Anonymous,1560997923000,Esri_Anonymous,1560997972000,,,,11900407.867479648,6093099.158451821,"11900407.867479648,6093099.158451821","(47.91724970310554, 106.90318274613169)"
16,2416,3,23,Улиастайн хуучин эцэс,6-р цэцэрлэг,1,,1,3,,,,,,,,,Esri_Anonymous,1561279013000,Esri_Anonymous,1561279037000,,,,11915029.50952025,6092476.371865677,"11915029.50952025,6092476.371865677","(47.913500057036934, 107.03453119137166)"
17,1626,7,7,7-р хорооны баруун талд,173-р цэцэрлэг,1,,1,3,,,,,,,,,Esri_Anonymous,1560999853000,Esri_Anonymous,1560999889000,,,,11898918.720533537,6095894.590816987,"11898918.720533537,6095894.590816987","(47.93407697221682, 106.88980551151177)"
18,2419,3,27,,45-р цэцэрлэг,1,,1,3,,,,,,,,,Esri_Anonymous,1561279193000,Esri_Anonymous,1561279211000,,,,11904089.419252446,6096162.971486628,"11904089.419252446,6096162.971486628","(47.93569221738718, 106.93625468839949)"
19,1609,7,16,Согоотын 65-р гудамж,221-р цэцэрлэг,1,,1,3,,,,,,,,,Esri_Anonymous,1560996493000,Esri_Anonymous,1560996526000,,,,11898452.822978426,6101258.179865313,"11898452.822978426,6101258.179865313","(47.96634808337901, 106.88562028256585)"
20,2425,3,24,,251-р цэцэрлэг,1,,1,3,,,,,,,,,Esri_Anonymous,1561279565000,Esri_Anonymous,1561279579000,,,,11910118.437805165,6094844.760900974,"11910118.437805165,6094844.760900974","(47.92775810135404, 106.99041428354097)"
21,859,6,8,Спортын ордны зүүн талд,42-р цэцэрлэг,1,,1,3,,,,,,,,,Esri_Anonymous,1560851429000,Esri_Anonymous,1560851459000,,,,11902912.063749386,6093455.79697698,"11902912.063749386,6093455.79697698","(47.919396814287495, 106.92567832396708)"
22,1214,3,5,Кино үйлдвэр,146-р цэцэрлэг,1,,1,3,,,,,,,,,Esri_Anonymous,1560902174000,Esri_Anonymous,1560902213000,,,,11906513.960517908,6093507.706351696,"11906513.960517908,6093507.706351696","(47.919709322728714, 106.95803471315692)"
23,1655,5,3,18-р сургуулийн баруун урд,4-р клиник сувилал,1,,1,3,,,,,,,,,Esri_Anonymous,1561013510000,Esri_Anonymous,1561013540000,,,,11899453.049161844,6090104.222881887,"11899453.049161844,6090104.222881887","(47.89921543820713, 106.89460546724726)"
24,1603,7,12,Нийслэлийн Хот тохижилтын газрын хашаанд,154-р цэцэрлэг,1,,1,3,,,,,,,,,Esri_Anonymous,1560996022000,Esri_Anonymous,1560996053000,,,,11899640.69909046,6098298.338744001,"11899640.69909046,6098298.338744001","(47.94854209645541, 106.89629115523668)"
25,1646,5,11,"Зайсан, ХААИС-ын баруун талд",35-р цэцэрлэг,1,,1,3,,,,,,,,,Esri_Anonymous,1561012597000,Esri_Anonymous,1561012625000,,,,11901004.358587783,6087714.635161284,"11901004.358587783,6087714.635161284","(47.88482182071898, 106.90854111692447)"
26,1208,3,3,Тунел дээр,61-р цэцэрлэг,1,,1,3,,,,,,,,,Esri_Anonymous,1560901860000,Esri_Anonymous,1560901885000,,,,11904340.392414736,6093891.626055369,"11904340.392414736,6093891.626055369","(47.922020564318686, 106.93850921867538)"
27,1217,3,8,ДХИС-ийн урд,32-р цэцэрлэг,1,,1,3,,,,,,,,,Esri_Anonymous,1560902326000,Esri_Anonymous,1560902348000,,,,11910869.445087776,6092480.344559381,"11910869.445087776,6092480.344559381","(47.91352397651747, 106.99716069674551)"
28,1243,1,3,Хараагүйчүүдийн  байрны зүүн талд,100-р цэцэрлэг,1,,1,3,,,,,,,,,Esri_Anonymous,1560915579000,Esri_Anonymous,1560915637000,,,,11899761.720383199,6090800.388070891,"11899761.720383199,6090800.388070891","(47.90340801800147, 106.89737830800638)"
29,1629,5,2,19-н үйлчилгээний төвийн баруун урд,72-р цэцэрлэг,1,,1,3,,,,,,,,,Esri_Anonymous,1561011338000,Esri_Anonymous,1561011372000,,,,11900116.98704317,6090409.581670858,"11900116.98704317,6090409.581670858","(47.90105447039556, 106.90056972271229)"
30,1237,3,4,,201-р цэцэрлэг,1,,1,3,,,,,,,,,Esri_Anonymous,1560903487000,Esri_Anonymous,1560903505000,,,,11906068.950304039,6096019.587040592,"11906068.950304039,6096019.587040592","(47.93482926645446, 106.95403711838983)"
31,2013,1,18,,11-р цэцэрлэг,1,,1,3,,,,,,,,,Esri_Anonymous,1561108650000,Esri_Anonymous,1561108662000,,,,11898673.69622553,6093693.794298876,"11898673.69622553,6093693.794298876","(47.92082960686501, 106.88760442070313)"
32,1231,3,18,13-р хороолол,129-р цэцэрлэг,1,,1,3,,,,,,,,,Esri_Anonymous,1560903114000,Esri_Anonymous,1560903135000,,,,11904694.721543413,6092896.641906079,"11904694.721543413,6092896.641906079","(47.91603043021317, 106.94169221139438)"
33,854,6,1,Баянгол зочид буудлын ард,143-р цэцэрлэг,1,,1,3,,,,,,,,,Esri_Anonymous,1560851122000,Esri_Anonymous,1560851180000,,,,11901406.604303427,6092261.790326775,"11901406.604303427,6092261.790326775","(47.91220805101052, 106.91215455166781)"
34,1209,3,3,Тунел дээр,50-р цэцэрлэг,1,,1,3,,,,,,,,,Esri_Anonymous,1560901901000,Esri_Anonymous,1560901919000,,,,11904530.290542727,6093809.121444769,"11904530.290542727,6093809.121444769","(47.92152388560872, 106.9402151025834)"
35,2420,3,6,,59-р цэцэрлэг,1,,1,3,,,,,,,,,Esri_Anonymous,1561279232000,Esri_Anonymous,1561279249000,,,,11903648.87267171,6093157.488196847,"11903648.87267171,6093157.488196847","(47.917600878350655, 106.93229719113108)"
36,1610,7,16,Согоотын 47-р гудамж,246-р цэцэрлэг,1,,1,3,,,,,,,,,Esri_Anonymous,1560997027000,Esri_Anonymous,1560997058000,,,,11898669.208793031,6101642.455065059,"11898669.208793031,6101642.455065059","(47.96865937874344, 106.88756410941112)"
37,1633,5,3,15-р сургуулийн баруун талд,46-р цэцэрлэг,1,,1,3,,,,,,,,,Esri_Anonymous,1561011596000,Esri_Anonymous,1561011621000,,,,11899801.350691639,6090382.162611384,"11899801.350691639,6090382.162611384","(47.900889340981976, 106.89773431312423)"
38,860,6,7,11-р хороолол,135-р цэцэрлэг,1,,1,3,,,,,,,,,Esri_Anonymous,1560851502000,Esri_Anonymous,1560851523000,,,,11903270.997627271,6094663.694543262,"11903270.997627271,6094663.694543262","(47.926668194436644, 106.92890268185201)"
39,1215,3,5,Кино үйлдвэр,52-р цэцэрлэг,1,,1,3,,,,,,,,,Esri_Anonymous,1560902223000,Esri_Anonymous,1560902240000,,,,11906586.266176565,6093429.4103967715,"11906586.266176565,6093429.4103967715","(47.919237959231715, 106.9586842459399)"
40,1203,6,15,58-р сургуулийн баруун талд,109-р цэцэрлэг,1,,1,3,,,,,,,,,Esri_Anonymous,1560901424000,Esri_Anonymous,1560901480000,,,,11903707.210672487,6103183.353318946,"11903707.210672487,6103183.353318946","(47.97792636179408, 106.9328212503085)"
41,1604,7,12,Автобусны эцсийн буудал,220-р цэцэрлэг,1,,1,3,,,,,,,,,Esri_Anonymous,1560996141000,Esri_Anonymous,1560996164000,,,,11898652.54788157,6098739.178602654,"11898652.54788157,6098739.178602654","(47.951194515825804, 106.887414441897)"
42,1246,1,4,Ханбүргэдэй дэлгүүрийн зүүн талд,164-р цэцэрлэг,1,,1,3,,,,,,,,,Esri_Anonymous,1560915783000,Esri_Anonymous,1560915817000,,,,11897916.407755973,6092191.846024604,"11897916.407755973,6092191.846024604","(47.911786905947224, 106.88080158263622)"
43,2008,1,14,,85-р цэцэрлэг,1,,1,3,,,,,,,,,Esri_Anonymous,1561108391000,Esri_Anonymous,1561108405000,,,,11897665.184765631,6094274.959134421,"11897665.184765631,6094274.959134421","(47.9243281713385, 106.87854480811676)"
44,2002,1,11,28-р сургуулийн ард,57-р цэцэрлэг,1,,1,3,,,,,,,,,Esri_Anonymous,1561107053000,Esri_Anonymous,1561107102000,,,,11898225.074530765,6095062.370475177,"11898225.074530765,6095062.370475177","(47.929067945330466, 106.88357438345118)"
45,1238,7,6,50-р сургуулийн баруун талд,108-р цэцэрлэг,1,,1,3,,,,,,,,,Esri_Anonymous,1560903559000,Esri_Anonymous,1560903584000,,,,11900614.670034213,6094640.081877145,"11900614.670034213,6094640.081877145","(47.926526059172055, 106.90504048508728)"
46,1226,3,16,16-р хороолол,82-р цэцэрлэг,1,,1,3,,,,,,,,,Esri_Anonymous,1560902860000,Esri_Anonymous,1560902880000,,,,11909264.02679444,6093494.074831754,"11909264.02679444,6093494.074831754","(47.91962725748358, 106.98273897884242)"
47,1630,5,2,19-н үйчилгээний төвийн зүүн урд,65-р цэцэрлэг,1,,1,3,,,,,,,,,Esri_Anonymous,1561011384000,Esri_Anonymous,1561011409000,,,,11900466.925375337,6090492.288920854,"11900466.925375337,6090492.288920854","(47.90155256597103, 106.90371327223514)"
48,1232,3,18,13-р хороолол,147-р цэцэрлэг,1,,1,3,,,,,,,,,Esri_Anonymous,1560903150000,Esri_Anonymous,1560903168000,,,,11904236.696464766,6092559.244109866,"11904236.696464766,6092559.244109866","(47.91399902627065, 106.9375777021078)"
49,1624,7,9,Хорооны баруун талд,43-р цэцэрлэг,1,,1,3,,,,,,,,,Esri_Anonymous,1560999338000,Esri_Anonymous,1560999363000,,,,11900373.224547088,6096000.369270384,"11900373.224547088,6096000.369270384","(47.93471360432987, 106.90287154337362)"
50,2016,1,18,,88-р цэцэрлэг,1,,1,3,,,,,,,,,Esri_Anonymous,1561108772000,Esri_Anonymous,1561108788000,,,,11898327.238777759,6093812.220919363,"11898327.238777759,6093812.220919363","(47.92154254456784, 106.88449214049683)"
51,1212,3,5,БЗД-ийн Нэгдсэн эмнэлэгийн баруун хойно,115-р цэцэрлэг,1,,1,3,,,,,,,,,Esri_Anonymous,1560902080000,Esri_Anonymous,1560902121000,,,,11907082.5915271,6093632.048869039,"11907082.5915271,6093632.048869039","(47.92045789055487, 106.96314281242275)"
52,2417,3,12,Жанжин клубын ард,20-р цэцэрлэг,1,,1,3,,,,,,,,,Esri_Anonymous,1561279076000,Esri_Anonymous,1561279099000,,,,11910685.942258155,6091562.098646956,"11910685.942258155,6091562.098646956","(47.907994948821425, 106.99551226278024)"
53,851,6,3,,54-р цэцэрлэг,1,,1,3,,,,,,,,,Esri_Anonymous,1560850993000,Esri_Anonymous,1560851013000,,,,11900176.147398591,6092143.701134044,"11900176.147398591,6092143.701134044","(47.91149701639725, 106.90110116922716)"
54,2423,3,19,,210-р цэцэрлэг,1,,1,3,,,,,,,,,Esri_Anonymous,1561279464000,Esri_Anonymous,1561279487000,,,,11909266.33271599,6097503.536173169,"11909266.33271599,6097503.536173169","(47.94375963105459, 106.98275969328816)"
55,1607,7,15,72-р сургуулийн урд,102-р цэцэрлэг,1,,1,3,,,,,,,,,Esri_Anonymous,1560996382000,Esri_Anonymous,1560996410000,,,,11900030.455239601,6100152.125298939,"11900030.455239601,6100152.125298939","(47.95969493314445, 106.89979239429519)"
56,857,6,6,МУИС-ийн ард,2-р цэцэрлэг,1,,1,3,,,,,,,,,Esri_Anonymous,1560851338000,Esri_Anonymous,1560851363000,,,,11902200.566035006,6094148.642176799,"11902200.566035006,6094148.642176799","(47.923567773776035, 106.91928683125266)"
57,863,6,10,3-р сургуулийн баруун талд,75-р цэцэрлэг,1,,1,3,,,,,,,,,Esri_Anonymous,1560851637000,Esri_Anonymous,1560851661000,,,,11902025.690627107,6095241.0556882685,"11902025.690627107,6095241.0556882685","(47.930143469481855, 106.91771589873532)"
58,1206,6,16,,130-р цэцэрлэг,1,,1,3,,,,,,,,,Esri_Anonymous,1560901678000,Esri_Anonymous,1560901694000,,,,11903472.294314153,6101722.112971857,"11903472.294314153,6101722.112971857","(47.96913848324276, 106.93071096075671)"
59,1601,7,10,Дэнжийн мянга,124-р цэцэрлэг,1,,1,3,,,,,,,,,Esri_Anonymous,1560995647000,Esri_Anonymous,1560995671000,,,,11900813.917310819,6096431.416242586,"11900813.917310819,6096431.416242586","(47.937307797784825, 106.90683035382622)"
60,1223,3,16,032-р цэргийн ангийн зүүн талд,8-р цэцэрлэг,1,,1,3,,,,,,,,,Esri_Anonymous,1560902695000,Esri_Anonymous,1560902752000,,,,11908366.190269202,6093660.385087262,"11908366.190269202,6093660.385087262","(47.920628478969, 106.97467357610982)"
61,2005,1,12,28-р сургуулийн баруун хойно,15-р цэцэрлэг,1,,1,3,,,,,,,,,Esri_Anonymous,1561107400000,Esri_Anonymous,1561107450000,,,,11898066.300055211,6094928.994899357,"11898066.300055211,6094928.994899357","(47.92826512983442, 106.88214808807)"
62,1621,7,4,Хүнсний 1-р дэлгүүрийн ард,4-р цэцэрлэг,1,,1,3,,,,,,,,,Esri_Anonymous,1560998331000,Esri_Anonymous,1560998359000,,,,11901077.448250273,6094092.9516162835,"11901077.448250273,6094092.9516162835","(47.92323252650803, 106.90919769253372)"
63,1627,5,1,120 мянгат,53-р цэцэрлэг,1,,1,3,,,,,,,,,Esri_Anonymous,1561011238000,Esri_Anonymous,1561011266000,,,,11900718.331597375,6090262.082053108,"11900718.331597375,6090262.082053108","(47.90016615781395, 106.90597169275291)"
64,1229,3,9,Шархадны эцэс,167-р цэцэрлэг,1,,1,3,,,,,,,,,Esri_Anonymous,1560903024000,Esri_Anonymous,1560903043000,,,,11911891.745366422,6096187.01702869,"11911891.745366422,6096187.01702869","(47.93583693267068, 107.0063441763982)"
65,2418,3,27,,212-р цэцэрлэг,1,,1,3,,,,120.0,,,,,Esri_Anonymous,1561279144000,Esri_Anonymous,1561279169000,,,,11904670.806861509,6097999.856830462,"11904670.806861509,6097999.856830462","(47.946746130718616, 106.94147738215167)"
66,1616,7,1,Явуухулангийн талбайн баруун талд,39-р цэцэрлэг,1,,1,3,,,,,,,,,Esri_Anonymous,1560997666000,Esri_Anonymous,1560997789000,,,,11900972.154318374,6093238.297772381,"11900972.154318374,6093238.297772381","(47.918087389868134, 106.90825182105023)"
67,852,6,4,,149-р цэцэрлэг,1,,1,3,,,,,,,,,Esri_Anonymous,1560851042000,Esri_Anonymous,1560851058000,,,,11900485.478474716,6092665.921220822,"11900485.478474716,6092665.921220822","(47.91464131621759, 106.90387993756252)"
68,2426,3,1,,10-р цэцэрлэг,1,,3,4,,,,,,,,,Esri_Anonymous,1561279669000,Esri_Anonymous,1561279687000,,,,11904468.881025191,6094528.478987814,"11904468.881025191,6094528.478987814","(47.9258542658669, 106.93966345150146)"
69,1207,3,1,48-р сургуулийн зүүн хойно,22-р цэцэрлэг,1,,1,3,,,,,,,,,Esri_Anonymous,1560901793000,Esri_Anonymous,1560901831000,,,,11904263.955259476,6094617.777817166,"11904263.955259476,6094617.777817166","(47.92639180063805, 106.93782257202695)"
70,1201,6,14,"6 буудал, 35-р сургуулийн зүүн урд",51-р цэцэрлэг,1,,1,3,,,,,,,,,Esri_Anonymous,1560901296000,Esri_Anonymous,1560901338000,,,,11902192.702666527,6100925.286246573,"11902192.702666527,6100925.286246573","(47.964345748572015, 106.91921619341176)"
71,858,6,6,Засгийн газрын ордны замын ард,25-р цэцэрлэг,1,,1,3,,,,,,,,,Esri_Anonymous,1560851376000,Esri_Anonymous,1560851406000,,,,11901921.959961476,6094130.274917773,"11901921.959961476,6094130.274917773","(47.92345720638403, 106.91678407031165)"
72,1224,3,16,53-р сургуулийн баруун талд,21-р хороо,1,,1,3,,,,,,,,,Esri_Anonymous,1560902762000,Esri_Anonymous,1560902781000,,,,11908778.233678035,6093388.376708371,"11908778.233678035,6093388.376708371","(47.918990923261994, 106.97837502502857)"
73,1244,1,3,Нарны  хороолол,262-р цэцэрлэг,1,,1,3,,,,,,,,,Esri_Anonymous,1560915655000,Esri_Anonymous,1560915672000,,,,11900122.10904189,6091425.469778358,"11900122.10904189,6091425.469778358","(47.907172215883236, 106.90061573440964)"
74,1218,3,10,,62-р цэцэрлэг,1,,1,3,,,,,,,,,Esri_Anonymous,1560902387000,Esri_Anonymous,1560902406000,,,,11912858.532492556,6091446.066224112,"11912858.532492556,6091446.066224112","(47.907296241565994, 107.01502897291715)"
75,1622,7,8,8-р хорооны урд,245-р цэцэрлэг,1,,1,3,,,,,,,,,Esri_Anonymous,1560998680000,Esri_Anonymous,1560999187000,,,,11899077.911725465,6095461.067518214,"11899077.911725465,6095461.067518214","(47.93146771194461, 106.89123555031983)"
76,1628,5,1,52-р сургуулийн зүүн хойно,67-р цэцэрлэг,1,,1,3,,,,,,,,,Esri_Anonymous,1561011281000,Esri_Anonymous,1561011307000,,,,11900823.43239704,6090661.585035373,"11900823.43239704,6090661.585035373","(47.90257211878564, 106.90691582930003)"
77,2014,1,18,,13-р цэцэрлэг,1,,1,3,,,,,,,,,Esri_Anonymous,1561108694000,Esri_Anonymous,1561108706000,,,,11897995.914768325,6093523.005342204,"11897995.914768325,6093523.005342204","(47.91980142641918, 106.88151580628013)"
78,1230,3,15,13-р хороолол,122-р цэцэрлэг,1,,1,3,,,,,,,,,Esri_Anonymous,1560903088000,Esri_Anonymous,1560903105000,,,,11904194.894990603,6092918.139771845,"11904194.894990603,6092918.139771845","(47.916159861815586, 106.93720219307639)"
79,1210,3,7,Сансар,204-р цэцэрлэг,1,,1,3,,,,,,,,,Esri_Anonymous,1560901944000,Esri_Anonymous,1560901974000,,,,11904985.926870856,6093987.673622482,"11904985.926870856,6093987.673622482","(47.92259876577639, 106.94430815335896)"
80,1233,3,6,Бөхийн өргөөнөөс урагш,136-р цэцэрлэг,1,,1,3,,,,,,,,,Esri_Anonymous,1560903203000,Esri_Anonymous,1560903228000,,,,11903905.97552958,6092679.489033072,"11903905.97552958,6092679.489033072","(47.914723005798145, 106.93460678539924)"
81,855,6,6,Метромолл дэлгүүрийн замын урд,14-р цэцэрлэг,1,,1,3,,,,,,,,,Esri_Anonymous,1560851213000,Esri_Anonymous,1560851265000,,,,11901802.586380774,6094448.766454763,"11901802.586380774,6094448.766454763","(47.92537443113762, 106.91571171919101)"
82,849,6,3,,68-р цэцэрлэг,1,,1,3,,,,,,,,,Esri_Anonymous,1560850843000,Esri_Anonymous,1560850937000,,,,11899886.274905276,6092113.980973815,"11899886.274905276,6092113.980973815","(47.91131806484496, 106.89849720031525)"
83,1204,6,15,58-р сургуулийн баруун талд,36-р цэцэрлэг,1,,1,3,,,,,,,,,Esri_Anonymous,1560901484000,Esri_Anonymous,1560901501000,,,,11903676.595132403,6103144.690500374,"11903676.595132403,6103144.690500374","(47.97769386341793, 106.93254622623262)"
84,1605,7,13,13-р хорооны баруун талд,56-р цэцэрлэг,1,,1,3,,,,,,,,,Esri_Anonymous,1560996187000,Esri_Anonymous,1560996215000,,,,11901568.916508423,6098153.159019478,"11901568.916508423,6098153.159019478","(47.94766855781747, 106.9136126270133)"
85,866,6,11,Хангай хотхон,216-р цэцэрлэг,1,,1,3,,,,,,,,,Esri_Anonymous,1560851773000,Esri_Anonymous,1560851799000,,,,11902434.74804858,6096042.748795887,"11902434.74804858,6096042.748795887","(47.934968665104286, 106.92139052407325)"
86,1625,7,11,57-р сургуулийн ард,258-р цэцэрлэг,1,,1,3,,,,,,,,,Esri_Anonymous,1560999550000,Esri_Anonymous,1560999573000,,,,11901047.875754269,6097179.974153313,"11901047.875754269,6097179.974153313","(47.94181257532536, 106.90893203828223)"
87,1221,3,20,Гацуурт,63-р цэцэрлэг,1,,1,3,,,,,,,,,Esri_Anonymous,1560902576000,Esri_Anonymous,1560902600000,,,,11928344.506242538,6094883.914140476,"11928344.506242538,6094883.914140476","(47.927993776496905, 107.15414184200797)"
88,2003,1,11,28-р сургуулийн баруун хойно,30-р цэцэрлэг,1,,1,3,,,,,,,,,Esri_Anonymous,1561107108000,Esri_Anonymous,1561107133000,,,,11898114.002081178,6095025.943423398,"11898114.002081178,6095025.943423398","(47.92884868452144, 106.88257660266008)"
89,1241,7,1,Хангарьд ордны баруун талд,5-р хороо,1,,1,3,,,,,,,,,Esri_Anonymous,1560903773000,Esri_Anonymous,1560903797000,,,,11901585.938521726,6093300.457017422,"11901585.938521726,6093300.457017422","(47.91846161454234, 106.91376553836045)"
90,1619,7,4,Дүүргийн ЗДТГ-ын урд,9-р цэцэрлэг,1,,1,3,,,,,,,,,Esri_Anonymous,1560998163000,Esri_Anonymous,1560998196000,,,,11900856.03932751,6093733.944203782,"11900856.03932751,6093733.944203782","(47.921071313596386, 106.90720874234015)"
91,1227,3,19,Газарчин ДС өгсөх замд,168-р цэцэрлэг,1,,1,3,,,,,,,,,Esri_Anonymous,1560902911000,Esri_Anonymous,1560902971000,,,,11909672.259359177,6094494.056371212,"11909672.259359177,6094494.056371212","(47.925647057254196, 106.98640619436621)"
92,2011,1,17,,242-р цэцэрлэг,1,,1,3,,,,,,,,,Esri_Anonymous,1561108520000,Esri_Anonymous,1561108535000,,,,11898751.030858662,6093667.368773809,"11898751.030858662,6093667.368773809","(47.92067052175521, 106.88829912953247)"
93,2017,1,18,,162-р цэцэрлэг,1,,1,3,,,,,,,,,Esri_Anonymous,1561108901000,Esri_Anonymous,1561108916000,,,,11898613.685944526,6093550.235244126,"11898613.685944526,6093550.235244126","(47.91996535672884, 106.88706533917683)"
94,1614,7,18,Яргайтын 33,247-р цэцэрлэг,1,,1,3,,,,,,,,,Esri_Anonymous,1560997508000,Esri_Anonymous,1560997543000,,,,11900605.985108968,6102017.60422054,"11900605.985108968,6102017.60422054","(47.97091568402426, 106.90496246707639)"
95,1236,3,22,Монел,169-р цэцэрлэг,1,,1,3,,,,,,,,,Esri_Anonymous,1560903419000,Esri_Anonymous,1560903439000,,,,11907528.861385757,6095057.118974823,"11907528.861385757,6095057.118974823","(47.92903633568676, 106.96715172277148)"
96,1213,3,5,БЗД-ийн Нэгдсэн эмнэлэгийн баруун хойно,128-р цэцэрлэг,1,,1,3,,,,,,,,,Esri_Anonymous,1560902128000,Esri_Anonymous,1560902151000,,,,11907087.965980263,6093479.473270017,"11907087.965980263,6093479.473270017","(47.919539352193716, 106.96319109195693)"
97,850,6,3,,160-р цэцэрлэг,1,,1,3,,,,,,,,,Esri_Anonymous,1560850952000,Esri_Anonymous,1560850974000,,,,11900168.981311796,6092062.785272228,"11900168.981311796,6092062.785272228","(47.91100980293361, 106.90103679517422)"
98,2424,3,22,,213-р цэцэрлэг,1,,1,3,,,,,,,,,Esri_Anonymous,1561279512000,Esri_Anonymous,1561279526000,,,,11907851.11310862,6097209.179779883,"11907851.11310862,6097209.179779883","(47.941988325114615, 106.9700465592513)"
99,1608,7,15,49-р сургуулийн ард,83-р цэцэрлэг,1,,1,3,,,,,,,,,Esri_Anonymous,1560996421000,Esri_Anonymous,1560996454000,,,,11900289.213928299,6099880.771312066,"11900289.213928299,6099880.771312066","(47.95806255108836, 106.90211686314476)"
100,864,6,10,16-р сургуулийн зүүн талд,69-р цэцэрлэг,1,,1,3,,,,,,,,,Esri_Anonymous,1560851686000,Esri_Anonymous,1560851719000,,,,11902517.753885826,6095674.597088212,"11902517.753885826,6095674.597088212","(47.93275290551686, 106.92213617819593)"
101,2433,6,17,,175-р цэцэрлэг,1,,1,3,,,,,,,,,Esri_Anonymous,1561280845000,Esri_Anonymous,1561280861000,,,,11904228.789995622,6104990.394624745,"11904228.789995622,6104990.394624745","(47.98879181407904, 106.93750667708703)"
102,1205,6,16,Тосгоны эцсийн буудал,171-р цэцэрлэг,1,,1,3,,,,,,,,,Esri_Anonymous,1560901548000,Esri_Anonymous,1560901588000,,,,11906571.848945055,6103971.069317196,"11906571.848945055,6103971.069317196","(47.982663054135344, 106.95855473374573)"
103,2430,6,13,,130-р цэцэрлэг,1,,1,3,,,,,,,,,Esri_Anonymous,1561280573000,Esri_Anonymous,1561280591000,,,,11902092.218872339,6099707.072288871,"11902092.218872339,6099707.072288871","(47.95701760415858, 106.9183135321305)"
104,867,6,11,100 айл,186-р цэцэрлэг,1,,2,4,,,,,,,,,Esri_Anonymous,1560851816000,Esri_Anonymous,1560851855000,,,,11903276.891295128,6095446.9142085295,"11903276.891295128,6095446.9142085295","(47.9313825247565, 106.92895562557116)"
105,1242,1,2,Бизнесийн дээд сургуулийн хашаа,66-р цэцэрлэг,1,,1,3,,,,,,,,,Esri_Anonymous,1560915515000,Esri_Anonymous,1560915548000,,,,11898625.913926683,6092831.941021613,"11898625.913926683,6092831.941021613","(47.91564088544427, 106.88717518500948)"
106,1620,7,4,Нийслэлийн ЦГ-ийн ард,18-р цэцэрлэг,1,,1,3,,,,,,,,,Esri_Anonymous,1560998227000,Esri_Anonymous,1560998272000,,,,11900896.347842932,6094096.12427294,"11900896.347842932,6094096.12427294","(47.92325162539514, 106.90757083989499)"
107,2012,1,17,,249-р цэцэрлэг,1,,1,3,,,,,,,,,Esri_Anonymous,1561108586000,Esri_Anonymous,1561108608000,,,,11898631.299450647,6093132.906816117,"11898631.299450647,6093132.906816117","(47.91745288601076, 106.88722356399438)"
108,2018,1,19,,198-р цэцэрлэг,1,,1,3,,,,,,,,,Esri_Anonymous,1561108935000,Esri_Anonymous,1561108948000,,,,11897809.90274564,6093784.920809819,"11897809.90274564,6093784.920809819","(47.92137819660194, 106.87984483185005)"
109,853,6,4,,40-р цэцэрлэг,1,,1,3,,,,,,,,,Esri_Anonymous,1560851066000,Esri_Anonymous,1560851087000,,,,11900559.974723106,6092681.148884225,"11900559.974723106,6092681.148884225","(47.914732999481856, 106.90454914874792)"
110,2421,3,21,,202-р цэцэрлэг,1,,1,3,,,,,,,,,Esri_Anonymous,1561279358000,Esri_Anonymous,1561279379000,,,,11905007.044838084,6099218.230006238,"11905007.044838084,6099218.230006238","(47.95407668983323, 106.94449785928627)"
111,1611,7,17,37-р сургуулийн баруун хойно,103-р цэцэрлэг,1,,1,3,,,,,,,,,Esri_Anonymous,1560997263000,Esri_Anonymous,1560997291000,,,,11900162.137373969,6102133.323169642,"11900162.137373969,6102133.323169642","(47.97161164670791, 106.90097531503469)"
112,1216,3,13,Офицерийн тойрог,172-р цэцэрлэг,1,,1,3,,,,,,,,,Esri_Anonymous,1560902270000,Esri_Anonymous,1560902301000,,,,11908170.100872716,6092773.942239894,"11908170.100872716,6092773.942239894","(47.91529168954853, 106.97291207509063)"
113,1651,5,15,Хурд хорооллын зүүн талд,218-р цэцэрлэг,1,,1,3,,,,,,,,,Esri_Anonymous,1561013095000,Esri_Anonymous,1561013126000,,,,11902706.5418139,6090617.397740973,"11902706.5418139,6090617.397740973","(47.902306011364026, 106.92383208900841)"
114,861,6,10,100 айл,24-р цэцэрлэг,1,,1,3,,,,,,,,,Esri_Anonymous,1560851552000,Esri_Anonymous,1560851579000,,,,11902945.323521834,6095628.018248668,"11902945.323521834,6095628.018248668","(47.93247255912932, 106.92597710158645)"
115,1245,1,4,ЗДТГ-ын баруун талд,157-р цэцэрлэг,1,,1,3,,,,,,,,,Esri_Anonymous,1560915709000,Esri_Anonymous,1560915742000,,,,11897450.918298973,6092042.853561099,"11897450.918298973,6092042.853561099","(47.910889788701915, 106.87662001969802)"
116,1219,3,23,Улиастайн шинэ эцэс,211-р цэцэрлэг,1,,1,3,,,,,,,,,Esri_Anonymous,1560902450000,Esri_Anonymous,1560902473000,,,,11915214.204300415,6093356.061151262,"11915214.204300415,6093356.061151262","(47.91879637240957, 107.03619033281085)"
117,1631,5,2,ХУД-ийн соёлын ордны зүүн урд,27-р цэцэрлэг,1,,1,3,,,,,,,,,Esri_Anonymous,1561011480000,Esri_Anonymous,1561011514000,,,,11899999.047206733,6089891.541598723,"11899999.047206733,6089891.541598723","(47.89793452039734, 106.8995102511355)"
118,1239,7,6,50-р сургуулийн зүүн урд,74-р цэцэрлэг,1,,1,3,,,,,,,,,Esri_Anonymous,1560903607000,Esri_Anonymous,1560903658000,,,,11900886.221599082,6094522.755360085,"11900886.221599082,6094522.755360085","(47.925819812269296, 106.90747987429877)"
119,2009,1,15,,86-р цэцэрлэг,1,,1,3,,,,,,,,,Esri_Anonymous,1561108429000,Esri_Anonymous,1561108442000,,,,11898536.447534055,6094431.416210336,"11898536.447534055,6094431.416210336","(47.92526998963334, 106.88637149473035)"
120,1617,7,2,Бөмбөгөр худалдааны төвийн зүүн талд,70-р цэцэрлэг,1,,1,3,,,,,,,,,Esri_Anonymous,1560997848000,Esri_Anonymous,1560997889000,,,,11900287.804006794,6093624.065989908,"11900287.804006794,6093624.065989908","(47.9204098322869, 106.90210419760439)"
121,1225,3,16,16-р хороолол,40-р клиник сувилал,1,,3,2,,,,,,,,,Esri_Anonymous,1560902800000,Esri_Anonymous,1560902844000,,,,11908700.900969228,6093314.92548533,"11908700.900969228,6093314.92548533","(47.918548720387115, 106.97768033348572)"
122,2015,1,18,,87-р цэцэрлэг,1,,1,3,,,,,,,,,Esri_Anonymous,1561108729000,Esri_Anonymous,1561108742000,,,,11898457.82133987,6093235.769362283,"11898457.82133987,6093235.769362283","(47.91807216772368, 106.88566518361066)"
123,1623,7,9,9-р хорооноос баруун хойно,31-р цэцэрлэг,1,,1,3,,,,,,,,,Esri_Anonymous,1560999189000,Esri_Anonymous,1560999250000,,,,11900309.358711556,6096189.326850999,"11900309.358711556,6096189.326850999","(47.935850834044864, 106.9022978268117)"
