,OBJECTID,Discrict,Khoroo,Khoroonii_surguuliin_nasnii_hun,School_name,Umchiin_helber,Huchin_chadal,Bulgiin_too,Student_number,Bagsh_ajilchidiin_too,Huyg,Zahiramjiin_dugaar,Uil_ajillagaa_ehlesen_on,Surguuliin_angilal,Surguuliin_hev_shinj,Barilgiin_ashiglaltand_orson,Surguuliin_zahiral,Utasnii_dugaar,Hicheeliin_bairnii_dugaar,Hen_oruulsan,Zaswar_hiisen_hun,x,y,xy,lat_lon
0,192,5,13.0,748.0,26-р сургууль,1,,21.0,610.0,50.0,,,,,,,,,,,,11862049.16522049,6066055.115658369,"11862049.16522049,6066055.115658369","(47.75417378104517, 106.55860066094776)"
1,209,5,5.0,1109.0,41-р сургууль,1,,42.0,1278.0,86.0,,,,,,,,,,,,11890878.084642991,6085167.693159703,"11890878.084642991,6085167.693159703","(47.86947597930201, 106.8175752503666)"
2,189,5,8.0,2127.0,118-р сургууль,1,,38.0,1488.0,83.0,,,,,,,,,,,,11888467.511987109,6083897.966442893,"11888467.511987109,6083897.966442893","(47.861823920874606, 106.79592070776398)"
3,190,5,16.0,2322.0,Буянт-Ухаа цогцолбор сургууль,1,,64.0,2747.0,139.0,,,,,,,,,,,,11884867.366677266,6083553.28126009,"11884867.366677266,6083553.28126009","(47.85974646699035, 106.76358005219517)"
4,207,5,9.0,1764.0,114-р сургууль,1,,43.0,1421.0,96.0,,,,,,,,,,,,11884842.382950258,6084604.336676686,"11884842.382950258,6084604.336676686","(47.86608102852586, 106.7633556195569)"
5,193,5,4.0,1762.0,63-р тусгай сургууль,1,,20.0,251.0,68.0,,,,,,,,,,,,11892209.301921679,6084691.479138651,"11892209.301921679,6084691.479138651","(47.86660618900295, 106.82953377864588)"
6,216,5,14.0,955.0,59-р сургууль,1,,24.0,759.0,64.0,,,,,,,,,,,,11878640.778013138,6071798.663296703,"11878640.778013138,6071798.663296703","(47.788850314724094, 106.70764565454604)"
7,233,5,,,Алтан босго сургууль,2,,,,,,,,,,,,,,,,11892287.919747401,6082634.109072626,"11892287.919747401,6082634.109072626","(47.85420611243939, 106.83024001459039)"
8,210,5,7.0,887.0,60-р сургууль,1,,40.0,1270.0,96.0,,,,,,,,,,,,11889323.076717826,6084505.730008758,"11889323.076717826,6084505.730008758","(47.865486773064184, 106.80360637650556)"
9,191,5,10.0,2191.0,135-р бага сургууль,1,180.0,9.0,191.0,28.0,,,,,,,,,,,,11880112.732723104,6080992.804051079,"11880112.732723104,6080992.804051079","(47.8443115951045, 106.72086844868099)"
10,206,5,12.0,1133.0,10-р сургууль,2,,27.0,806.0,61.0,,,,,,,,,,,,11875412.729496231,6081081.882738541,"11875412.729496231,6081081.882738541","(47.844848649533574, 106.67864760133988)"
0,23,6,11.0,2177.0,29-р тусгай сургууль,1,,33.0,301.0,143.0,,,,,,,,,,,,11903303.729249146,6095665.119865294,"11903303.729249146,6095665.119865294","(47.93269586460518, 106.92919671501406)"
1,238,1,1.0,2792.0,Эрхэт эрдэм сургууль,2,,12.0,148.0,26.0,,,,,,,,,,,,11898170.690905029,6092193.646064058,"11898170.690905029,6092193.646064058","(47.9117977442959, 106.88308584702914)"
2,215,6,1.0,1358.0,АШУҮИС-ийн харьяа ЕБСургууль,1,,7.0,214.0,16.0,,,,,,,,,,,,11902606.098750135,6092814.651875742,"11902606.098750135,6092814.651875742","(47.91553679214608, 106.92292979361476)"
3,92,7,1.0,825.0,23-р сургууль,1,,64.0,3483.0,149.0,,,,,,,,,,,,11901066.34758337,6093365.260991413,"11901066.34758337,6093365.260991413","(47.91885175870988, 106.9090979735463)"
4,115,1,3.0,2351.0,Соёмбо бага сургууль,2,,5.0,130.0,12.0,,,,,,,,,,,,11900067.782759259,6090841.018268282,"11900067.782759259,6090841.018268282","(47.903652698498064, 106.90012771310947)"
5,138,3,13.0,2130.0,55-р тусгай сургууль,1,,40.0,502.0,122.0,,,,,,,,,,,,11907409.543850414,6092742.498722864,"11907409.543850414,6092742.498722864","(47.91510237515423, 106.96607987511486)"
6,161,3,1.0,1498.0,Эрхэм баян эрдэм сургууль,2,,11.0,234.0,24.0,,,,,,,,,,,,11903487.264016684,6093346.500828607,"11903487.264016684,6093346.500828607","(47.918738815813896, 106.93084543588252)"
7,29,6,11.0,2177.0,Шинэ зууны удирдагч сургууль,2,,13.0,144.0,23.0,,,,,,,,,,,,11902122.271510953,6095626.888326518,"11902122.271510953,6095626.888326518","(47.93246575839158, 106.91858349957646)"
8,232,5,15.0,4680.0,Этүгэн сургууль,2,,12.0,210.0,19.0,,,,,,,,,,,,11899777.590568777,6088674.439101068,"11899777.590568777,6088674.439101068","(47.89060365472674, 106.89752087230904)"
9,175,3,14.0,2394.0,Г.В.Плехановын нэрэмжит ЭЗИС-ийн харьяа сургууль,2,,54.0,1197.0,105.0,,,,,,,,,,,,11905420.36355189,6093106.890930408,"11905420.36355189,6093106.890930408","(47.917296256764494, 106.94821076446452)"
10,169,3,,,Гёте сургууль,2,,22.0,454.0,,,,,,,,,,,,,11904892.737107685,6092478.333068767,"11904892.737107685,6092478.333068767","(47.913511865388664, 106.94347101547316)"
11,221,7,17.0,2662.0,37-р сургууль,1,,58.0,1787.0,117.0,,,,,,,,,,,,11900383.114695843,6102018.006723092,"11900383.114695843,6102018.006723092","(47.97091810479147, 106.90296038809151)"
12,75,1,4.0,3355.0,Шинэ эрин сургууль,1,,15.0,368.0,40.0,,,,,,,,,,,,11898080.976742612,6092490.663201904,"11898080.976742612,6092490.663201904","(47.913586104731294, 106.88227993099613)"
13,132,3,16.0,3229.0,44-р сургууль,1,,93.0,3840.0,186.0,,,,,,,,,,,,11909045.179478472,6093663.867120746,"11909045.179478472,6093663.867120746","(47.92064944131005, 106.9807730399542)"
14,15,6,3.0,1602.0,Монгол-Оросын хамтарсан сургууль,1,,78.0,2222.0,213.0,,,,,,,,,,,,11900480.243348248,6092095.567849558,"11900480.243348248,6092095.567849558","(47.91120719510636, 106.90383290962134)"
15,181,3,27.0,2258.0,132-р бага сургууль,1,,9.0,207.0,31.0,,,,,,,,,,,,11904628.490964085,6097970.507331894,"11904628.490964085,6097970.507331894","(47.94656953140956, 106.94109725197751)"
16,9,6,5.0,844.0,6-р сургууль,1,,51.0,1904.0,114.0,,,,,,,,,,,,11899835.33892233,6091970.420259214,"11899835.33892233,6091970.420259214","(47.91045364582736, 106.89803963459534)"
17,158,3,8.0,3312.0,Хишиг сургууль,2,,21.0,436.0,44.0,,,,,,,,,,,,11909324.42159321,6092498.083169936,"11909324.42159321,6092498.083169936","(47.91363078007335, 106.9832815145506)"
18,244,7,5.0,840.0,Тусгал сургууль,2,,10.0,177.0,31.0,,,,,,,,,,,,11900587.882849185,6094397.09557773,"11900587.882849185,6094397.09557773","(47.92506339258578, 106.90479985171)"
19,195,5,3.0,3194.0,Орхон сургууль,2,,23.0,504.0,57.0,,,,,,,,,,,,11899564.128551211,6089818.474007066,"11899564.128551211,6089818.474007066","(47.89749444812752, 106.89560331037947)"
20,3,6,10.0,1632.0,3-р сургууль,1,,56.0,2646.0,114.0,,,,,,,,,,,,11902209.459195513,6095176.673547234,"11902209.459195513,6095176.673547234","(47.92975594951971, 106.91936671987271)"
21,152,3,6.0,1938.0,Арвис сургууль,2,,11.0,143.0,21.0,,,,,,,,,,,,11903931.659786653,6092735.94663182,"11903931.659786653,6092735.94663182","(47.91506292639002, 106.93483751100614)"
22,95,7,6.0,1429.0,50-р сургууль,1,,56.0,2148.0,111.0,,,,,,,,,,,,11900783.736492878,6094604.822235285,"11900783.736492878,6094604.822235285","(47.92631381479149, 106.9065592349258)"
23,212,6,2.0,755.0,Эрдмийн уурхай,2,,1.0,3.0,3.0,,,,,,,,,,,,11901198.29728962,6092095.715895508,"11901198.29728962,6092095.715895508","(47.91120808652668, 106.91028329792489)"
24,235,7,5.0,840.0,Олонлог эгзэ сургууль,2,,9.0,81.0,25.0,,,,,,,,,,,,11900436.9379107,6093679.442058551,"11900436.9379107,6093679.442058551","(47.92074320456578, 106.90344389025698)"
25,172,3,26.0,2701.0,Олонлог академи сургууль,2,,35.0,777.0,91.0,,,,,,,,,,,,11904268.267512582,6090573.0832338715,"11904268.267512582,6090573.0832338715","(47.902039136460445, 106.93786130965569)"
26,78,1,15.0,816.0,40-р сургууль,1,,69.0,2402.0,136.0,,,,,,,,,,,,11898340.271738706,6094453.5643877685,"11898340.271738706,6094453.5643877685","(47.92540331273039, 106.88460921757698)"
27,32,6,10.0,1632.0,Оюуны тулга сургууль,2,,17.0,210.0,28.0,,,,,,,,,,,,11902298.187116813,6095269.477987764,"11902298.187116813,6095269.477987764","(47.93031454408059, 106.92016377635103)"
28,229,5,3.0,3194.0,Арвист хангай сургууль,2,,5.0,72.0,10.0,,,,,,,,,,,,11899048.28655081,6089804.386808673,"11899048.28655081,6089804.386808673","(47.89740960316877, 106.89096942284796)"
29,126,3,6.0,1938.0,21-р сургууль,1,,44.0,1526.0,99.0,,,,,,,,,,,,11903587.74307116,6092712.370944366,"11903587.74307116,6092712.370944366","(47.914920981878026, 106.93174805458621)"
30,12,6,2.0,755.0,Өсвөрийн зохион бүтээгчдийн сургууль,1,,16.0,435.0,58.0,,,,,,,,,,,,11901237.904006237,6092577.61652461,"11901237.904006237,6092577.61652461","(47.91410964491986, 106.9106390911138)"
31,35,6,8.0,1188.0,Үй цай сургууль,2,,30.0,953.0,103.0,,,,,,,,,,,,11903235.98829147,6093563.618289871,"11903235.98829147,6093563.618289871","(47.920045925570236, 106.92858818763764)"
32,129,3,5.0,4199.0,Шавь цогцолбор сургууль /30-р сур/,1,,119.0,4651.0,222.0,,,,,,,,,,,,11906355.482128225,6093342.840711734,"11906355.482128225,6093342.840711734","(47.91871678057131, 106.95661107756038)"
33,155,3,4.0,3167.0,Их засаг сургууль,2,,25.0,481.0,38.0,,,,,,,,,,,,11905893.328031732,6094282.359833455,"11905893.328031732,6094282.359833455","(47.92437272141179, 106.95245947667539)"
34,86,1,18.0,2093.0,Оюуны ундраа цогцолбор сургууль,1,,107.0,4267.0,199.0,,,,,,,,,,,,11898466.460875556,6093676.26933789,"11898466.460875556,6093676.26933789","(47.92072410436727, 106.88574279388021)"
35,135,3,9.0,2707.0,"79-р сургууль /2,3-р байр/",1,,,,,,,,,,,,,,,,11912092.023913613,6095927.700250944,"11912092.023913613,6095927.700250944","(47.93427624359363, 107.00814330919842)"
36,6,6,10.0,1632.0,Ертөнц сургууль,2,,15.0,433.0,20.0,,,,,,,,,,,,11902435.67701789,6095465.754875456,"11902435.67701789,6095465.754875456","(47.931495924592696, 106.92139886914653)"
37,241,7,12.0,3077.0,138-р бага сургууль,1,,12.0,320.0,35.0,,,,,,,,,,,,11898599.045948582,6098717.94723709,"11898599.045948582,6098717.94723709","(47.95106677531268, 106.88693382585568)"
38,98,7,13.0,154.0,49-р сургууль,1,,39.0,1117.0,86.0,,,,,,,,,,,,11900441.239933262,6099692.862362649,"11900441.239933262,6099692.862362649","(47.95693211846645, 106.90348253598317)"
39,149,3,26.0,2701.0,Монгол тэмүүлэл,1,0.0,8.0,156.0,36.0,,,,,,,,,,,,11905733.345886061,6090956.859864925,"11905733.345886061,6090956.859864925","(47.904350305776155, 106.95102233260896)"
40,198,5,3.0,3194.0,Аварга сургууль,2,,7.0,221.0,21.0,,,,,,,,,,,,11899125.933212897,6089542.070352601,"11899125.933212897,6089542.070352601","(47.895829687413226, 106.89166693468108)"
41,213,6,2.0,755.0,Улаанбаатар элит ОУ-ын сургууль,2,,28.0,459.0,64.0,,,,,,,,,,,,11901230.014792792,6092350.271534133,"11901230.014792792,6092350.271534133","(47.91274080463124, 106.91056822110365)"
42,144,3,27.0,2258.0,102-р сургууль,1,,42.0,1316.0,85.0,,,,,,,,,,,,11903487.532804443,6096615.880682205,"11903487.532804443,6096615.880682205","(47.93841793039394, 106.93084785044404)"
43,167,3,25.0,2542.0,Төгсдэлгэрэх сургууль,2,,26.0,580.0,42.0,,,,,,,,,,,,11904251.320036048,6092093.335649363,"11904251.320036048,6092093.335649363","(47.91119375448943, 106.9377090678837)"
44,236,1,3.0,2351.0,Наран нэг сургууль,2,,18.0,353.0,41.0,,,,,,,,,,,,11899894.234909665,6091339.775837158,"11899894.234909665,6091339.775837158","(47.90665618921494, 106.8985687062513)"
45,184,5,15.0,4680.0,115-р сургууль,1,,53.0,1843.0,83.0,,,,,,,,,,,,11900119.172074355,6088959.798883404,"11900119.172074355,6088959.798883404","(47.89232253017001, 106.90058935118138)"
46,113,1,2.0,1444.0,Эрдмийн ач сургууль,2,,11.0,47.0,10.0,,,,,,,,,,,,11898430.312537447,6092940.163750387,"11898430.312537447,6092940.163750387","(47.916292460634764, 106.88541806783402)"
47,230,5,3.0,3194.0,Оном сургууль,2,,25.0,513.0,39.0,,,,,,,,,,,,11899065.73948129,6089742.311640616,"11899065.73948129,6089742.311640616","(47.89703573263355, 106.89112620518998)"
48,27,6,2.0,755.0,31-р сургууль,1,,41.0,1748.0,86.0,,,,,,,,,,,,11901016.719459746,6091870.658195395,"11901016.719459746,6091870.658195395","(47.90985294217278, 106.90865215652656)"
49,21,6,14.0,1128.0,35-р сургууль,1,,50.0,1597.0,111.0,,,,,,,,,,,,11902138.179535776,6101099.566895198,"11902138.179535776,6101099.566895198","(47.96539404572195, 106.91872640379484)"
50,127,3,3.0,1373.0,33-р сургууль,1,,80.0,3564.0,183.0,,,,,,,,,,,,11904527.860896174,6093975.834834422,"11904527.860896174,6093975.834834422","(47.92252749722498, 106.94019327669706)"
51,173,3,25.0,2542.0,Шинэ монгол технологийн коллеж,2,,10.0,244.0,23.0,,,,,,,,,,,,11904359.053394075,6092111.716758819,"11904359.053394075,6092111.716758819","(47.91130443148839, 106.93867685310495)"
52,107,1,17.0,1722.0,Лидер сургууль,2,,7.0,19.0,9.0,,,,,,,,,,,,11898967.098689435,6092996.23963101,"11898967.098689435,6092996.23963101","(47.91663007274043, 106.89024009988037)"
53,250,1,17.0,1722.0,Норовлин сургууль,2,,11.0,46.0,24.0,,,,,,,,,,,,11898917.178808464,6093170.823573776,"11898917.178808464,6093170.823573776","(47.91768116388481, 106.8897916619598)"
54,156,3,18.0,2278.0,Оюунлаг сургууль,2,,34.0,943.0,64.0,,,,,,,,,,,,11904336.003861364,6092970.038976998,"11904336.003861364,6092970.038976998","(47.916472328582024, 106.93846979562969)"
55,130,3,5.0,4199.0,Шавь цогцолбор сургууль /69-р сур/,1,,,,,,,,,,,,,,,,11906916.12529811,6093631.569560472,"11906916.12529811,6093631.569560472","(47.92045500503837, 106.96164742084484)"
56,81,1,3.0,2351.0,73-р сургууль,1,,40.0,1319.0,85.0,,,,,,,,,,,,11899346.798093755,6092205.925893817,"11899346.798093755,6092205.925893817","(47.91187168321283, 106.89365099766309)"
57,38,6,8.0,1188.0,Хаан эрдэм сургууль,2,,4.0,19.0,9.0,,,,,,,,,,,,11902555.781989694,6094665.028750201,"11902555.781989694,6094665.028750201","(47.92667622561703, 106.92247779046524)"
58,87,1,11.0,1142.0,Сэтгэмж цогцолбор сургууль,1,,43.0,1576.0,94.0,,,,,,,,,,,,11898687.559333265,6095239.404801267,"11898687.559333265,6095239.404801267","(47.9301335327304, 106.88772895511876)"
59,101,7,3.0,1245.0,Олонлог сургууль,2,,34.0,723.0,96.0,,,,,,,,,,,,11900341.413557852,6093197.164928763,"11900341.413557852,6093197.164928763","(47.91783975144362, 106.90258578039528)"
60,7,6,7.0,1523.0,Эрдэм төгс сургууль,2,,12.0,216.0,29.0,,,,,,,,,,,,11903091.427752918,6094756.427451931,"11903091.427752918,6094756.427451931","(47.927226391770596, 106.92728957822501)"
61,150,3,8.0,3312.0,ХСИС-ийн харьяа ахлах сургууль,1,,6.0,158.0,8.0,,,,,,,,,,,,11910698.169760963,6092629.6104031075,"11910698.169760963,6092629.6104031075","(47.914422694083036, 106.99562210430683)"
62,1,6,1.0,1358.0,Шинэ үе сургууль,2,,37.0,814.0,72.0,,,,,,,,,,,,11902978.430936914,6092344.754970954,"11902978.430936914,6092344.754970954","(47.91270758904897, 106.92627451055628)"
63,24,6,11.0,2177.0,116-р тусгай сургууль,1,,18.0,117.0,77.0,,,,,,,,,,,,11903319.554065425,6095548.075616548,"11903319.554065425,6095548.075616548","(47.93199140087467, 106.92933887175737)"
64,141,3,23.0,3069.0,87-р сургууль,1,,67.0,2075.0,149.0,,,,,,,,,,,,11915196.079946188,6093308.635594475,"11915196.079946188,6093308.635594475","(47.91851085279814, 107.03602751896668)"
65,239,7,16.0,2268.0,139-р бага сургууль,1,,16.0,592.0,38.0,,,,,,,,,,,,11898399.095259996,6101238.861322545,"11898399.095259996,6101238.861322545","(47.96623188564446, 106.8851376382594)"
66,93,7,3.0,1245.0,24-р сургууль,1,,76.0,3264.0,123.0,,,,,,,,,,,,11900274.358314533,6093183.872281871,"11900274.358314533,6093183.872281871","(47.91775972341084, 106.90198341289575)"
67,187,5,11.0,3491.0,32-р сургууль,1,,39.0,1307.0,76.0,,,,,,,,,,,,11901190.888415173,6087563.667474451,"11901190.888415173,6087563.667474451","(47.883912336548406, 106.91021674287336)"
68,164,3,22.0,2440.0,137-р бага сургууль,1,,14.0,488.0,33.0,,,,,,,,,,,,11907816.395477999,6097234.60769234,"11907816.395477999,6097234.60769234","(47.942141341384776, 106.96973468546913)"
69,18,6,8.0,1188.0,"Биеийн тамир, спортын сургууль",1,,20.0,475.0,57.0,,,,,,,,,,,,11902720.414699743,6093666.269565859,"11902720.414699743,6093666.269565859","(47.9206639043693, 106.92395671126226)"
70,30,6,6.0,1037.0,Кингс кидс сургууль,2,,17.0,272.0,30.0,,,,,,,,,,,,11902183.928712092,6095005.026092521,"11902183.928712092,6095005.026092521","(47.92872277902067, 106.91913737563806)"
71,170,3,26.0,2701.0,Сингапур скүүл оф монголиа сургууль,2,,7.0,111.0,16.0,,,,,,,,,,,,11904873.777001915,6090792.687575986,"11904873.777001915,6090792.687575986","(47.90336164445827, 106.94330069394515)"
72,176,3,8.0,3312.0,Улаанбаатар эмпати сургууль,2,,15.0,273.0,39.0,,,,,,,,,,,,11911404.183284502,6092671.903479779,"11911404.183284502,6092671.903479779","(47.91467733443717, 107.00196433169674)"
73,84,1,18.0,2093.0,Монгени цогцолбор сургууль,1,,55.0,1409.0,108.0,,,,,,,,,,,,11898462.131179547,6093162.903133301,"11898462.131179547,6093162.903133301","(47.91763347894894, 106.8857038995592)"
74,153,3,1.0,1498.0,Билгүүн номч сургууль,2,,11.0,106.0,21.0,,,,,,,,,,,,11904537.90826555,6094267.473346925,"11904537.90826555,6094267.473346925","(47.92428310901818, 106.94028353375181)"
75,227,1,17.0,1722.0,Оюуны нахиа сургууль,2,,11.0,194.0,16.0,,,,,,,,,,,,11898786.04809557,6093971.8602419,"11898786.04809557,6093971.8602419","(47.92250357047586, 106.8886136947237)"
76,204,5,15.0,4680.0,Шинэ зуун билэг сургууль,2,,20.0,337.0,44.0,,,,,,,,,,,,11900482.126795214,6088765.481713673,"11900482.126795214,6088765.481713673","(47.89115205954515, 106.90384982891328)"
77,133,3,8.0,3312.0,Баянзүрх цогцолбор сургууль,1,,44.0,1396.0,104.0,,,,,,,,,,,,11909641.746654281,6092863.666930678,"11909641.746654281,6092863.666930678","(47.91583189806684, 106.98613209407455)"
78,10,6,5.0,844.0,11-р сургууль,1,,19.0,706.0,56.0,,,,,,,,,,,,11899865.509896355,6092726.457127563,"11899865.509896355,6092726.457127563","(47.91500579202439, 106.89831066506639)"
79,196,5,15.0,4680.0,Орчлон сургууль,2,,48.0,1273.0,115.0,,,,,,,,,,,,11902946.216767093,6090445.511647287,"11902946.216767093,6090445.511647287","(47.90127085542807, 106.92598512574513)"
80,90,6,10.0,1632.0,Номын гялбаа сургууль,2,,5.0,30.0,12.0,,,,,,,,,,,,11902708.552510202,6095199.14089426,"11902708.552510202,6095199.14089426","(47.92989118215667, 106.92385015140059)"
81,253,5,11.0,3491.0,Язгуур бага сургууль,2,,1.0,24.0,4.0,,,,,,,,,,,,11901149.012904292,6086761.856217997,"11901149.012904292,6086761.856217997","(47.87908166672418, 106.9098405687588)"
82,104,1,13.0,794.0,Гурван тамир сургууль,2,,19.0,325.0,44.0,,,,,,,,,,,,11897310.058160929,6094239.857567809,"11897310.058160929,6094239.857567809","(47.92411686951071, 106.87535465154875)"
83,4,6,9.0,1078.0,4-р сургууль,1,,43.0,1165.0,96.0,,,,,,,,,,,,11901524.063995386,6095204.091586775,"11901524.063995386,6095204.091586775","(47.929920980696515, 106.91320971003334)"
84,147,3,21.0,2238.0,127-р сургууль,1,,36.0,1250.0,80.0,,,,,,,,,,,,11905107.192703193,6098929.155914602,"11905107.192703193,6098929.155914602","(47.95233751818546, 106.94539750286526)"
85,247,7,5.0,840.0,Оюут сургууль,2,,5.0,57.0,7.0,,,,,,,,,,,,11900408.442720525,6094173.538193596,"11900408.442720525,6094173.538193596","(47.92371764266589, 106.90318791360839)"
86,165,3,4.0,3167.0,Русский лицей сургууль,2,,13.0,201.0,7.0,,,,,,,,,,,,11905563.140693685,6093537.577487706,"11905563.140693685,6093537.577487706","(47.91988915417122, 106.9494933533515)"
87,142,3,28.0,1735.0,120-р сургууль,1,,30.0,1071.0,66.0,,,,,,,,,,,,11919060.254330305,6093431.3188600065,"11919060.254330305,6093431.3188600065","(47.919249448764006, 107.07073998806422)"
88,211,6,2.0,755.0,Элбэг бага сургууль,2,,2.0,29.0,4.0,,,,,,,,,,,,11901054.510545036,6092031.958002427,"11901054.510545036,6092031.958002427","(47.91082418347416, 106.90899163962175)"
89,188,5,2.0,1899.0,75-р сургууль,1,,35.0,1043.0,83.0,,,,,,,,,,,,11900368.946997447,6090165.867414838,"11900368.946997447,6090165.867414838","(47.899586699462716, 106.90283311749141)"
90,234,5,11.0,3491.0,Абсолют элит ахлах сургууль,2,,3.0,51.0,11.0,,,,,,,,,,,,11901533.403639045,6086571.546430205,"11901533.403639045,6086571.546430205","(47.87793504178203, 106.91329360947984)"
91,125,3,13.0,2130.0,14-р сургууль,1,,87.0,3639.0,160.0,,,,,,,,,,,,11907865.678784078,6092786.120807834,"11907865.678784078,6092786.120807834","(47.91536501380037, 106.97017740494016)"
92,79,1,19.0,1074.0,47-р сургууль,1,,50.0,1649.0,101.0,,,,,,,,,,,,11897637.70792189,6093781.157479344,"11897637.70792189,6093781.157479344","(47.92135554113144, 106.87829797942985)"
93,19,6,7.0,1523.0,МУИС-ийн харьяа Байгаль эх лицей сургууль,1,,12.0,259.0,45.0,,,,,,,,,,,,11903282.047623532,6094481.3987748185,"11903282.047623532,6094481.3987748185","(47.92557086402911, 106.9290019456573)"
94,171,3,26.0,2701.0,Глобал ОУ-ын сургууль,2,,31.0,580.0,80.0,,,,,,,,,,,,11904993.807104005,6090908.238927738,"11904993.807104005,6090908.238927738","(47.904057507782966, 106.94437894269777)"
95,25,6,15.0,1300.0,"Эрдмийн хөтөч ЦС /58-р сур - 1,2-р байр/",1,,83.0,3154.0,208.0,,,,,,,,,,,,11903874.604374994,6103216.050241861,"11903874.604374994,6103216.050241861","(47.97812298351414, 106.93432497352278)"
96,36,6,11.0,2177.0,Монгол-Хятадын Найрамдал сургууль,2,,22.0,483.0,38.0,,,,,,,,,,,,11902748.70222544,6095796.314389817,"11902748.70222544,6095796.314389817","(47.93348548434307, 106.92421082242909)"
97,105,1,3.0,2351.0,Гэгээрэл сургууль,2,,15.0,223.0,34.0,,,,,,,,,,,,11899045.124580814,6092031.774249838,"11899045.124580814,6092031.774249838","(47.910823077047354, 106.89094101838819)"
98,228,1,2.0,1444.0,Эрдмийн хишиг сургууль,2,,5.0,31.0,6.0,,,,,,,,,,,,11897716.032728449,6093029.922248589,"11897716.032728449,6093029.922248589","(47.91683286224516, 106.8790015831384)"
99,205,5,3.0,3194.0,Шинэ өнөөдөр сургууль,2,,8.0,112.0,14.0,,,,,,,,,,,,11898520.404146912,6090371.372757437,"11898520.404146912,6090371.372757437","(47.90082435967885, 106.88622737453156)"
100,85,1,18.0,2093.0,Шинэ эхлэл сургууль,1,,14.0,304.0,46.0,,,,,,,,,,,,11898412.56655191,6093164.694525132,"11898412.56655191,6093164.694525132","(47.9176442640101, 106.88525865293364)"
101,136,3,8.0,3312.0,92-р сургууль,1,,57.0,1906.0,123.0,,,,,,,,,,,,11910774.477495054,6093585.64610828,"11910774.477495054,6093585.64610828","(47.92017853754699, 106.99630758834513)"
102,13,6,8.0,1188.0,ШУТИС-ийн харьяа ШУТАСургууль,1,,8.0,147.0,20.0,,,,,,,,,,,,11902509.727984047,6094406.330538471,"11902509.727984047,6094406.330538471","(47.925118983589314, 106.92206408029357)"
103,5,6,10.0,1632.0,16-р сургууль,1,,49.0,1587.0,97.0,,,,,,,,,,,,11902309.78709512,6095609.372968479,"11902309.78709512,6095609.372968479","(47.93236033742443, 106.92026798072912)"
104,242,7,11.0,1043.0,57-р сургууль,1,,43.0,1322.0,92.0,,,,,,,,,,,,11901216.86606974,6097112.769615009,"11901216.86606974,6097112.769615009","(47.94140815839925, 106.91045010411479)"
105,199,5,11.0,3491.0,Монгол билиг оюун сургууль,2,,38.0,865.0,67.0,,,,,,,,,,,,11904082.328122206,6088933.434535812,"11904082.328122206,6088933.434535812","(47.89216372591705, 106.93619098769274)"
106,248,7,4.0,919.0,СУИС-ийн харьяа Бадмаараг ахлах сургууль,1,,14.0,273.0,39.0,,,,,,,,,,,,11900981.16935593,6094200.603917833,"11900981.16935593,6094200.603917833","(47.9238805722547, 106.90833280451047)"
107,148,3,26.0,2701.0,133-р сургууль,1,,36.0,1484.0,41.0,,,,,,,,,,,,11905692.141600987,6090956.262668607,"11905692.141600987,6090956.262668607","(47.90434670943667, 106.95065218821844)"
108,99,7,10.0,1549.0,39-р сургууль,1,,45.0,1610.0,106.0,,,,,,,,,,,,11900814.799645444,6096232.236890084,"11900814.799645444,6096232.236890084","(47.936109082022334, 106.90683827997302)"
109,168,3,15.0,1424.0,Номч нахиа сургууль,2,,5.0,16.0,3.0,,,,,,,,,,,,11904665.963868799,6093049.371482206,"11904665.963868799,6093049.371482206","(47.916949957902915, 106.94143387680795)"
110,116,1,12.0,1907.0,Хүслийн өргөө сургууль,2,,13.0,305.0,30.0,,,,,,,,,,,,11897532.080528894,6094825.595083142,"11897532.080528894,6094825.595083142","(47.92764273613155, 106.87734911241435)"
111,139,3,18.0,2278.0,84-р сургууль,1,,106.0,4952.0,206.0,,,,,,,,,,,,11904442.684902577,6092859.99903296,"11904442.684902577,6092859.99903296","(47.91580981474001, 106.93942812772816)"
112,162,3,1.0,1498.0,Криллица бага сургууль,2,,6.0,92.0,19.0,,,,,,,,,,,,11903992.387966407,6094640.481954446,"11903992.387966407,6094640.481954446","(47.92652846742066, 106.93538304152663)"
113,185,5,15.0,4680.0,130-р бага сургууль,1,180.0,16.0,533.0,35.0,,,,,,,,,,,,11902648.961023815,6090616.602607665,"11902648.961023815,6090616.602607665","(47.90230122285112, 106.92331483197034)"
114,231,5,3.0,3194.0,Монгол бизнесийн сургууль,2,,1.0,5.0,15.0,,,,,,,,,,,,11899304.952406047,6089977.719337966,"11899304.952406047,6089977.719337966","(47.898453547796386, 106.89327509145465)"
115,128,3,1.0,1498.0,48-р сургууль,1,,94.0,3529.0,179.0,,,,,,,,,,,,11904129.253720552,6094499.846528512,"11904129.253720552,6094499.846528512","(47.92568191144539, 106.93661252751482)"
116,22,6,11.0,2177.0,131-р бага сургууль,1,,10.0,301.0,31.0,,,,,,,,,,,,11902381.408948526,6096038.795378195,"11902381.408948526,6096038.795378195","(47.93494487155041, 106.92091137078503)"
117,76,1,11.0,1142.0,28-р сургууль,1,,71.0,2576.0,154.0,,,,,,,,,,,,11898247.870681431,6094740.416407393,"11898247.870681431,6094740.416407393","(47.9271300151703, 106.8837791647568)"
118,108,1,17.0,1722.0,Эхлэл сургууль,2,,11.0,100.0,24.0,,,,,,,,,,,,11898905.292159162,6093005.495654232,"11898905.292159162,6093005.495654232","(47.91668579961581, 106.88968488237235)"
119,251,1,1.0,2792.0,Эрдэм алтай сургууль,2,,5.0,58.0,5.0,,,,,,,,,,,,11899080.226279173,6090709.144421106,"11899080.226279173,6090709.144421106","(47.902858532293024, 106.89125634230955)"
120,33,6,2.0,755.0,Сант сургууль,2,,48.0,1119.0,65.0,,,,,,,,,,,,11900939.766280074,6091730.545827357,"11900939.766280074,6091730.545827357","(47.909009262894116, 106.90796087435196)"
121,39,6,6.0,1037.0,ҮБТДС-ийн харьяа ЕБ-ийн ахлах сургууль,2,,3.0,40.0,9.0,,,,,,,,,,,,11902130.981041696,6094998.755298803,"11902130.981041696,6094998.755298803","(47.92868503382857, 106.91866173862228)"
122,182,5,1.0,1997.0,52-р сургууль,1,,79.0,3574.0,152.0,,,,,,,,,,,,11900641.110580249,6090544.679766284,"11900641.110580249,6090544.679766284","(47.90186808176003, 106.90527800455354)"
123,16,6,8.0,1188.0,МУБИС-ийн харьяа ЕБСургууль,1,,20.0,460.0,47.0,,,,,,,,,,,,11902783.714081591,6093422.029377413,"11902783.714081591,6093422.029377413","(47.919193523214005, 106.92452533928417)"
124,88,1,3.0,2351.0,141-р сургууль,1,,42.0,1375.0,81.0,,,,,,,,,,,,11900084.380010035,6091424.113009114,"11900084.380010035,6091424.113009114","(47.907164045811136, 106.90027680874992)"
125,159,3,28.0,1735.0,Хөвгүүд сургууль,2,,12.0,107.0,9.0,,,,,,,,,,,,11919813.909081034,6093138.835957505,"11919813.909081034,6093138.835957505","(47.9174885824783, 107.07751018387953)"
126,102,7,6.0,1429.0,Атланта сургууль,2,,12.0,95.0,25.0,,,,,,,,,,,,11901442.261407759,6094712.999593551,"11901442.261407759,6094712.999593551","(47.92696498246548, 106.9124748648859)"
127,145,3,18.0,2278.0,111-р сургууль,1,,34.0,1460.0,75.0,,,,,,,,,,,,11904465.981200391,6092019.473019732,"11904465.981200391,6092019.473019732","(47.9107490077744, 106.93963740193207)"
128,2,6,7.0,1523.0,2-р сургууль,1,,74.0,3071.0,149.0,,,,,,,,,,,,11902784.883524006,6094632.789927652,"11902784.883524006,6094632.789927652","(47.926482165567265, 106.92453584456412)"
129,245,7,4.0,919.0,Тоолол сургууль,2,,3.0,31.0,7.0,,,,,,,,,,,,11900928.109903954,6094239.25358053,"11900928.109903954,6094239.25358053","(47.924113233665, 106.9078561633437)"
130,71,6,17.0,,Эрдмийн хөтөч ЦС /58-р сур - 3-р байр/,1,,,,,,,,,,,,,,,,11904360.721426027,6105075.477450411,"11904360.721426027,6105075.477450411","(47.989303347215284, 106.93869183729093)"
131,94,7,13.0,1544.0,17-р сургууль,1,,63.0,2102.0,128.0,,,,,,,,,,,,11901437.634374084,6098222.147363801,"11901437.634374084,6098222.147363801","(47.94808365883663, 106.9124332995352)"
132,140,3,4.0,3167.0,97-р сургууль,1,,82.0,3058.0,158.0,,,,,,,,,,,,11905292.7049953,6094137.687931512,"11905292.7049953,6094137.687931512","(47.92350183133964, 106.94706398813918)"
133,163,3,19.0,2162.0,136-р бага сургууль,1,,8.0,240.0,30.0,,,,,,,,,,,,11909233.01927261,6097509.154957736,"11909233.01927261,6097509.154957736","(47.94379344181233, 106.9824604335346)"
134,186,5,3.0,3194.0,18-р сургууль,1,,47.0,2388.0,113.0,,,,,,,,,,,,11899490.713104654,6090260.393827119,"11899490.713104654,6090260.393827119","(47.90015599042895, 106.89494380820214)"
135,77,1,4.0,3355.0,38-р сургууль,1,,57.0,2434.0,116.0,,,,,,,,,,,,11897713.881703772,6091908.556744107,"11897713.881703772,6091908.556744107","(47.9100811439338, 106.87898226015497)"
136,17,6,4.0,535.0,45-р сургууль,1,,48.0,1841.0,109.0,,,,,,,,,,,,11900406.701600997,6092492.841659614,"11900406.701600997,6092492.841659614","(47.91359922114535, 106.90317227286556)"
137,31,6,8.0,1188.0,Логарифм сургууль,2,,24.0,597.0,54.0,,,,,,,,,,,,11903082.660900755,6093845.332983911,"11903082.660900755,6093845.332983911","(47.92174188008033, 106.9272108242521)"
138,223,1,3.0,2351.0,Монгол од сургууль,2,,18.0,318.0,23.0,,,,,,,,,,,,11899375.289163848,6091902.078064858,"11899375.289163848,6091902.078064858","(47.91004213338164, 106.89390693730034)"
139,83,1,18.0,2093.0,70-р тусгай сургууль,1,,26.0,323.0,64.0,,,,,,,,,,,,11898108.012746168,6093451.631963958,"11898108.012746168,6093451.631963958","(47.919371739703536, 106.88252279954828)"
140,177,3,13.0,2130.0,Эм Ай Ю сургууль,2,,12.0,223.0,27.0,,,,,,,,,,,,11908280.047570061,6092608.6519496525,"11908280.047570061,6092608.6519496525","(47.914296505872834, 106.97389974307727)"
141,154,3,1.0,1498.0,И Эс Эм сургууль,2,,32.0,610.0,94.0,,,,,,,,,,,,11903892.487715453,6094904.170280076,"11903892.487715453,6094904.170280076","(47.92811570388151, 106.93448562230344)"
142,134,3,17.0,2046.0,79-р сургууль /1-р байр/,1,,74.0,2278.0,169.0,,,,,,,,,,,,11911735.207383124,6095640.165755176,"11911735.207383124,6095640.165755176","(47.93254567207984, 107.00493797176878)"
143,34,6,8.0,1188.0,Хобби сургууль,2,,31.0,827.0,98.0,,,,,,,,,,,,11903171.043199278,6093714.413244038,"11903171.043199278,6093714.413244038","(47.920953735266174, 106.92800477594821)"
144,11,6,8.0,1188.0,25-р тусгай сургууль,1,,23.0,218.0,80.0,,,,,,,,,,,,11903345.846180083,6093717.144732374,"11903345.846180083,6093717.144732374","(47.92097017911509, 106.92957505784186)"
145,183,5,3.0,3194.0,15-р сургууль,1,,49.0,1704.0,96.0,,,,,,,,,,,,11899891.669372158,6090408.526339199,"11899891.669372158,6090408.526339199","(47.90104811474245, 106.89854565963577)"
146,160,3,3.0,1373.0,Шилдэг сургууль,2,,20.0,436.0,29.0,,,,,,,,,,,,11904436.456548832,6093875.139563731,"11904436.456548832,6093875.139563731","(47.9219213158296, 106.93937217747454)"
147,111,1,18.0,2093.0,Русская гимназия сургууль,2,,6.0,39.0,17.0,,,,,,,,,,,,11898434.512676405,6093312.394172449,"11898434.512676405,6093312.394172449","(47.91853348090251, 106.88545579832423)"
148,103,7,4.0,919.0,Чинхур сургууль,2,,8.0,36.0,9.0,,,,,,,,,,,,11901071.925751563,6093813.73201436,"11901071.925751563,6093813.73201436","(47.921551641416784, 106.90914808308376)"
149,91,7,4.0,919.0,5-р сургууль,1,,67.0,3096.0,133.0,,,,,,,,,,,,11901321.068000963,6094382.402100427,"11901321.068000963,6094382.402100427","(47.92497494323455, 106.9113861659893)"
150,97,7,15.0,1649.0,72-р сургууль,1,,50.0,1714.0,111.0,,,,,,,,,,,,11899904.98637513,6100287.339340915,"11899904.98637513,6100287.339340915","(47.960508319945575, 106.89866528830885)"
151,246,7,2.0,693.0,Бэтүб шашны сургууль,2,,6.0,41.0,30.0,,,,,,,,,,,,11900114.41864161,6093632.655150297,"11900114.41864161,6093632.655150297","(47.92046154046765, 106.90054665036851)"
152,197,5,11.0,3491.0,Америк сургууль,2,,30.0,513.0,101.0,,,,,,,,,,,,11902215.064037485,6087060.25557445,"11902215.064037485,6087060.25557445","(47.88087948503974, 106.9194170690248)"
153,214,6,10.0,1632.0,Потунхуа сургууль,2,,14.0,222.0,31.0,,,,,,,,,,,,11902085.157317238,6095268.906641223,"11902085.157317238,6095268.906641223","(47.93031110513568, 106.91825009710173)"
154,143,3,20.0,1401.0,85-р сургууль,1,,28.0,762.0,76.0,,,,,,,,,,,,11928572.171388717,6094676.107795512,"11928572.171388717,6094676.107795512","(47.926742915232055, 107.15618699281272)"
155,237,1,17.0,1722.0,Ес эрдэм сургууль,2,,12.0,83.0,11.0,,,,,,,,,,,,11898841.477559488,6092972.234168049,"11898841.477559488,6092972.234168049","(47.916485545009685, 106.88911162606998)"
156,166,3,25.0,2542.0,Шинэ монгол сургууль,2,,48.0,1431.0,133.0,,,,,,,,,,,,11904380.15826747,6092050.041341674,"11904380.15826747,6092050.041341674","(47.91093306830783, 106.93886644140835)"
157,114,1,11.0,1142.0,Хүрээ тулга сургууль,2,,19.0,373.0,37.0,,,,,,,,,,,,11898231.092182951,6094558.133443394,"11898231.092182951,6094558.133443394","(47.926032771637175, 106.88362844094051)"
158,20,6,14.0,1128.0,Ажилчин залуучуудын ээлжийн сургууль,1,,6.0,105.0,28.0,,,,,,,,,,,,11902109.216951275,6101178.840512202,"11902109.216951275,6101178.840512202","(47.96587086905588, 106.91846622847159)"
159,80,1,2.0,1444.0,51-р сургууль,1,,53.0,1745.0,101.0,,,,,,,,,,,,11897706.381915381,6092928.935753747,"11897706.381915381,6092928.935753747","(47.91622486076135, 106.8789148884096)"
160,28,6,9.0,1078.0,Галакси сургууль,2,,14.0,140.0,20.0,,,,,,,,,,,,11901534.938745372,6095274.456179045,"11901534.938745372,6095274.456179045","(47.93034450789192, 106.9133073995746)"
161,174,3,25.0,2542.0,Улаанбаатар сургууль,2,,33.0,763.0,89.0,,,,,,,,,,,,11904725.562924933,6091972.2787564285,"11904725.562924933,6091972.2787564285","(47.91046483644858, 106.94196926423841)"
162,74,1,4.0,3355.0,20-р сургууль,1,,71.0,3006.0,142.0,,,,,,,,,,,,11897993.193560144,6092467.373831163,"11897993.193560144,6092467.373831163","(47.913445880075415, 106.88149136125112)"
163,131,3,16.0,3229.0,53-р сургууль,1,,64.0,2440.0,124.0,,,,,,,,,,,,11909020.695682911,6093424.404259776,"11909020.695682911,6093424.404259776","(47.91920782074396, 106.98055309827654)"
164,249,6,6.0,1037.0,Күнз бага сургууль,2,,4.0,69.0,11.0,,,,,,,,,,,,11902384.184013272,6094207.4756345125,"11902384.184013272,6094207.4756345125","(47.92392193836602, 106.92093629961579)"
165,180,3,25.0,2542.0,Гёте сургууль,2,,22.0,454.0,56.0,,,,,,,,,,,,11904838.15193404,6091801.402420327,"11904838.15193404,6091801.402420327","(47.90943592387295, 106.94298066851545)"
166,157,3,15.0,1424.0,Оюуны оньс сургууль,2,,9.0,125.0,18.0,,,,,,,,,,,,11904714.195628693,6093123.44019359,"11904714.195628693,6093123.44019359","(47.91739589204406, 106.94186715007889)"
167,14,6,7.0,1523.0,Монгол Улсын Консерватори,1,,32.0,839.0,56.0,,,,,,,,,,,,11903000.218440933,6094101.326423738,"11903000.218440933,6094101.326423738","(47.923282941497995, 106.92647023103493)"
168,37,6,7.0,1523.0,Дойче шуле сургууль,2,,16.0,290.0,40.0,,,,,,,,,,,,11902781.363317912,6094868.2805405585,"11902781.363317912,6094868.2805405585","(47.927899673278425, 106.92450422201475)"
169,137,3,8.0,3312.0,Амгалан цогцолбор сургууль,1,,84.0,2922.0,156.0,,,,,,,,,,,,11911404.53433916,6092459.291964489,"11911404.53433916,6092459.291964489","(47.913397219291326, 107.00196748527438)"
170,243,7,5.0,840.0,112-р шашны сургууль,1,,6.0,97.0,15.0,,,,,,,,,,,,11900078.155783959,6093918.670531861,"11900078.155783959,6093918.670531861","(47.92218337134215, 106.90022089557577)"
171,8,6,1.0,1358.0,1-р сургууль,1,,65.0,3503.0,145.0,,,,,,,,,,,,11901373.31430261,6092793.461905616,"11901373.31430261,6092793.461905616","(47.91540921274838, 106.91185550250239)"
172,194,5,15.0,4680.0,Оргил сургууль,2,,14.0,254.0,22.0,,,,,,,,,,,,11901571.843379237,6089655.283742034,"11901571.843379237,6089655.283742034","(47.89651157055374, 106.91363891954114)"
173,151,3,16.0,3229.0,БХИС-ийн харьяа Тэмүүжин өрлөг сургууль,1,,13.0,380.0,60.0,,,,,,,,,,,,11909834.044182051,6093788.5825358145,"11909834.044182051,6093788.5825358145","(47.921400240397986, 106.98785953215749)"
174,100,7,12.0,3077.0,61-р сургууль,1,,29.0,859.0,70.0,,,,,,,,,,,,11900541.85550996,6097712.923314778,"11900541.85550996,6097712.923314778","(47.945019592861414, 106.90438638108685)"
